1,1,0.01,0.5152580999997554,0.13892560000022058,60.24588614000004,0.0037942660001135664,1.902987741999823,62.80685184799995
1,1,0.01,0.5094360630000665,0.1391227189997153,59.87125416200024,0.004110235000098328,2.176460784000028,62.70038396300015
1,1,0.01,0.5064720240002316,0.13856959199983976,60.736866442000064,0.0039909460001581465,2.0634107829996537,63.44930978699995
1,1,0.01,0.4958278949998203,0.13801505200035535,60.59007670999972,0.0041841560000648315,2.0766269760001705,63.30473078900013
1,1,0.01,0.5028621769997699,0.13930442300033974,62.37148552999997,0.0039688459996796155,1.83540728700018,64.85302826299994
1,1,0.01,0.502102394999838,0.13818939900011173,59.54361596799981,0.004346748999978445,2.192708735999986,62.38096324699973
1,1,0.01,0.49973416700004236,0.13967740199996115,60.64952597000001,0.003741256000012072,2.0815421480001532,63.37422094300018
1,1,0.01,0.5203962729997329,0.13997618800021883,60.51731433899977,0.003771972000322421,1.9636231259996748,63.14508189799972
1,1,0.01,0.5001225340001838,0.13746508499980337,59.722784485000375,0.003771165999751247,2.1577136870000686,62.52185695700018
1,1,0.01,0.50094068899989,0.1408810490001997,60.30519548199982,0.0042768270000124176,2.165767221000351,63.11706126800027
1,2,0.01,0.501482655000018,0.13768565899999885,59.47621624700014,0.003895998000189138,2.1021499789999325,62.22143053800028
1,2,0.01,0.49842741800011936,0.1383929270000408,60.96457086700002,0.0038014980000298237,1.9514914129999852,63.556684123000196
1,2,0.01,0.5052000770001541,0.13921817999971609,60.13114827900017,0.003757316999781324,2.0183881760003715,62.797712029000195
1,2,0.01,0.5014202689999365,0.13739856499978487,59.84798777300011,0.003808116000072914,1.8364853580001181,62.327100081000026
1,2,0.01,0.4976924619999963,0.13918396599999738,60.010461920000004,0.0033962709999997287,1.9155987980000049,62.566333417
1,2,0.01,0.5043804919999957,0.1386383100000046,61.462254404999996,0.0037708099999917977,1.8582234280000023,63.96726744499999
1,2,0.01,0.5035724550000111,0.1401950670000076,59.428197197,0.003314254999992272,2.0758657929999913,62.151144767000005
1,2,0.01,0.5006194510000057,0.13871849099999167,60.743418306000024,0.0037902259999782473,2.216118301999984,63.60266477599998
1,2,0.01,0.5055787409999652,0.14109484800002292,60.19157668500003,0.00376338799998166,1.9973467880000157,62.839360450000015
1,2,0.01,0.5047180789999857,0.13927158199999212,59.836598751,0.0037675880000165307,1.980561200000011,62.4649172
1,4,0.01,0.5046053440000264,0.13904213799997933,163.40304898600004,0.2983038029999534,193.57759317700004,357.92259344800004
1,1,0.001,1.3843981859999985,0.14232854000010775,58.16557759900002,0.0006501230000139913,0.5022277819998635,60.19518223
1,1,0.001,0.5057678769999256,0.140369359000033,59.049033087,0.000637515000107669,0.21550390999982483,59.91131174799989
1,1,0.001,0.5136219560001791,0.1392820359999405,58.61948845500001,0.0006366679999700864,0.23993730000006508,59.512966415000164
1,1,0.001,0.5110526189998836,0.14067834000002222,61.63593889799995,0.0006935430001249188,0.21206216599989602,62.500425565999876
1,1,0.001,0.5136164120001467,0.1411996189999627,59.52434678999998,0.00065723399984563,0.32889333500020257,60.50871339000014
1,2,0.001,0.5030588440001793,0.14063191799982633,59.391838199000176,0.00032986399992296356,0.21240691999992123,60.248265745000026
1,2,0.001,0.5138243280000552,0.13984093099998063,59.63791126299998,0.0003744309999547113,0.22317591099999845,60.51512686399997
1,2,0.001,0.5081873669998913,0.1380770969999503,58.48877279199996,0.0003282820000549691,0.25507989700008693,59.39044543499995
1,2,0.001,0.5054106219999994,0.14103949099990132,58.7893258900001,0.0003202849998160673,0.19263775800004623,59.62873404599986
1,2,0.001,0.5088635340000565,0.13861815799987198,60.165206850000004,0.00035016200013160415,0.2040210909999587,61.01705979500002
1,4,0.001,0.5213652850000017,0.13947413899995809,60.34845233400006,0.0006418840000605996,0.23258788899988758,61.242521530999966
1,4,0.001,0.5072457340002074,0.14031272799979888,60.28168891400014,0.0006575659999725758,0.23710122400007094,61.16700616600019
1,4,0.001,0.5085320250000223,0.14035520400011592,62.534812140999975,0.0006580239999038895,0.28073990000007143,63.46509729400009
1,4,0.001,0.539918273000012,0.1657668850000391,59.455202482000004,0.0007217879999643628,0.19934475400009433,60.360954182000114
1,4,0.001,0.505683880999868,0.1385609700000714,60.00053640600004,0.0006315830000858114,0.23025579699969967,60.87566863699976
1,8,0.001,0.5056182990001616,0.1403210459998263,69.5485035669999,0.00034257200013598776,0.1919824950000475,70.38676797900007
1,8,0.001,0.5115208120000716,0.1399158230001376,60.80740372799983,0.000324852000176179,0.24633192900000722,61.70549714400022
1,8,0.001,0.5107172570001239,0.13936305399965931,61.6228427660003,0.0003249219998906483,0.2802146789999824,62.55346267799996
1,8,0.001,0.5189168349997999,0.14010377400018115,61.344912271999874,0.0003607540002121823,0.27650984599995354,62.28080348100002
1,8,0.001,0.5089854869997907,0.14142308400005277,61.084148065000136,0.00032908100001804996,0.20046431699984169,61.93535003399984
1,16,0.001,0.509400660999745,0.14212085100007243,64.55683908599985,0.000327163000292785,0.22801919699986684,65.43670695799983
1,16,0.001,0.5350844509998751,0.14064656900018235,66.43689038499997,0.00033043699977497454,0.5953172099998483,67.70826905199965
1,16,0.001,0.5068796839996139,0.13948628900016047,65.87262364600019,0.00032523899972147774,0.3173464460001014,66.83666130399979
1,16,0.001,0.5044384809998519,0.14080044700040162,64.93051398299986,0.0003600290001486428,0.26217854199967405,65.83829148199993
1,16,0.001,0.5069424130001607,0.14084236700000474,64.35141848700005,0.0003207219997420907,0.24056708400030402,65.24009107300026
1,32,0.001,0.5021824099999321,0.13896443500016176,71.04269097699989,0.0003270759998486028,0.20096023999985846,71.8851251379997
1,32,0.001,0.5123628549999921,0.14028830799998104,72.18429743300021,0.00032791300009193947,0.2414922579996528,73.07876876699993
1,32,0.001,0.5122522990000107,0.140737172000172,71.10651016400016,0.00032367299991165055,0.1970653210000819,71.95688862900033
1,32,0.001,0.5074004729999615,0.1407388269999501,70.37575201100026,0.00035126900002069306,0.22314527799971984,71.24738785799991
1,32,0.001,0.5097321479997845,0.14109012100016116,72.86098095399984,0.00032437900017612264,0.24366349199999604,73.75579109399996
1,1,0.05,0.5164246870003808,0.14018118799958756,66.03516050500002,0.015383384999950067,9.376247897000212,76.08339766200015
1,1,0.05,0.5176568110000517,0.13794571699963853,64.16459274300041,0.015522356999554177,10.15971264000018,74.99543026799984
1,1,0.05,0.5197752809999656,0.1414843889997428,64.55010533300037,0.01479903999961607,10.328115517000242,75.55427955999994
1,1,0.05,0.5186331989998507,0.1383332469999914,64.46067178300018,0.0157306249998328,9.913187460000245,75.0465563140001
1,1,0.05,0.5181332519996431,0.13934909299996434,64.02454624500024,0.01543512299986105,9.820672395000202,74.51813610799991
1,2,0.05,0.515732133000256,0.13802800599978582,168.1147814660003,0.2959146579996741,200.978909166,370.043365429
1,2,0.05,0.5347343769999782,0.13800101300000733,158.41755820900002,0.2966745420000052,196.05213971599994,355.43910785699995
1,2,0.05,0.551896256999953,0.13989587399998982,179.52903352500005,0.28480285699993146,190.936286547,371.4419150599999
1,2,0.05,0.5236995910000815,0.1383790139999519,163.660756752,0.2953674130001218,194.31568653399995,358.9338893040001
1,2,0.05,0.6213503290000517,0.140400598000042,161.09507635,0.2818693890001214,193.77519858799997,355.9138952540002
1,4,0.05,0.5168121960000462,0.14239189299996724,164.9853516180001,0.2821740370000043,196.92864963999978,362.8553793839999
1,4,0.05,0.53671863999989,0.13987305400019068,161.78914831299994,0.2809007380001276,197.36173628699999,360.10837703200013
1,4,0.05,0.536883762999878,0.1431290519999493,170.10268196800007,0.2997702689999642,400.73609303500007,571.8185580869999
1,4,0.05,0.5349867869999798,0.13873318400010248,161.4732459060001,0.2786728569999468,193.53055711600018,355.9561958500003
1,4,0.05,0.6275697749997562,0.1426144390002264,171.5622200939997,0.2979445000000851,212.3296657589999,384.9600145669997
1,8,0.05,0.6809847690000055,0.1421231779999914,165.78025587800002,0.29470950299997867,194.92251746200003,361.82059079000004
1,8,0.05,0.566571128000021,0.13922267999998894,169.17906963100006,0.2997997329999862,196.891538243,367.07620141500007
1,8,0.05,0.5554511640000328,0.13854872899992188,167.54224775,0.29887075100009497,196.49933716700002,365.0344555610001
1,8,0.05,0.5971664890000739,0.1402315349998844,173.0161645300002,0.3026800860000094,193.75905237899997,367.81529501900013
1,8,0.05,0.6514210110001386,0.1416825459998563,163.08774946800008,0.29699625700004617,190.686312349,354.8641616310001
1,16,0.05,0.5936672859997998,0.14061278100007257,165.60153974299988,0.29962146900015796,190.25701741500006,356.89245869399997
1,16,0.05,0.6755197299999054,0.14050782100002834,176.54617253700007,0.29637608299981366,196.67208353200022,374.33065970300004
1,16,0.05,0.5998532569997224,0.14176560600026278,164.1314908129998,0.29817568799990113,194.75532910500033,359.926614469
1,16,0.05,0.5418506430000889,0.1397946399997636,173.51912999600017,0.29869323399998393,197.97821218799982,372.4776807009998
1,16,0.05,0.6332683130003716,0.13873698099996545,165.50993402799986,0.2952433740001652,196.35060894499975,362.9277916410001
1,32,0.05,0.5672609719999855,0.1393252570000243,172.40830520299997,0.27975714500001914,199.95073531000003,373.345383887
1,32,0.05,0.5463679099999581,0.14038614000003236,181.25600151799995,0.30014119600002687,200.56827141600002,382.81116818
1,32,0.05,0.5751729219999788,0.1407774020000261,176.13087011000005,0.2846643849998145,198.35950243900015,375.490987258
1,32,0.05,0.5771156240000437,0.1391898219999348,172.26501278800015,0.2944865789997948,195.347368597,368.62317340999994
1,32,0.05,1.0053633300001366,0.1409997209998437,180.59654990700005,0.28122227200015004,195.7675933669998,377.791728597
1,1,0.01,0.565529258999959,0.13826778599968748,59.852524967000136,0.0038617549998889444,2.48058862400012,63.04077239099979
1,1,0.01,0.509726469999805,0.13979769300021871,60.73459037299972,0.004164157000104751,2.2030054500000915,63.59128414299994
1,1,0.01,0.5077227729998413,0.13897118199975012,59.2359819760004,0.0037786479997521383,1.9728515699998752,61.85930614899962
1,1,0.01,0.5054406679996646,0.13953148200016585,60.38528459300005,0.0038803839997854084,1.9711647140002242,63.00530184099989
1,1,0.01,0.520424188999641,0.14081705400030842,59.88586164899971,0.0038386960000025283,1.971172060000299,62.52211364799996
1,2,0.01,0.5049891200001184,0.13921665599991684,62.61495422400003,0.003853245000300376,1.9000710809996235,65.16308432599999
1,2,0.01,0.5054148990002432,0.1383874369998921,62.77495324199981,0.003738617000180966,1.93304494899985,65.35553914399998
1,2,0.01,0.5082926559998668,0.14028010199990604,62.62518568299993,0.003862727000068844,2.1359306370000013,65.41355180499977
1,2,0.01,0.5089299470000697,0.14105243299991344,59.77907199800029,0.0038278409997474228,1.9146128050001607,62.34749502400018
1,2,0.01,0.511974648999967,0.13920388500037006,60.606969421999565,0.0038728850004190463,1.9597379299998465,63.22175877100017
1,4,0.01,0.5717399169998316,0.13967984800001432,174.29946976500014,0.3012571979998029,193.87505688600004,369.1872036139998
1,4,0.01,0.5216172880000158,0.13877735200003372,173.4420207369999,0.2963582930001394,198.63309935200004,373.0318730220001
1,4,0.01,0.542087600999821,0.13936199699992358,163.10294913300004,0.30058310000003985,191.67047623300004,355.75545806399987
1,4,0.01,0.5649201390000087,0.14117287700000247,172.55179923599997,0.28426272700005484,195.64990942999998,369.192064409
1,4,0.01,0.548297271000024,0.1398214859999598,170.0009992250001,0.2819762350000019,191.7666764559999,362.737770673
1,8,0.01,0.6249716300000046,0.14437358899999708,167.4384372930001,0.2961594429998513,197.4166028000002,365.92054475500015
1,8,0.01,0.6035352659998807,0.14009883600010653,170.19328228299992,0.2986781639999663,215.41110957800015,386.646704127
1,8,0.01,0.6215398530000584,0.14008061100003033,179.83621642499998,0.2824549189999743,195.24596686300015,376.1262586710002
1,8,0.01,0.5573451309996926,0.1395637590003389,165.102719515,0.29942409299974315,195.95639511499985,362.0554476129996
1,8,0.01,0.5649822709997352,0.1399844950001352,166.330387987,0.29650533199992424,195.63985838999997,362.97171847499976
1,16,0.01,0.579934921000131,0.14761583800009248,165.01510052000003,0.2980900469997323,194.13547957699984,360.17622090299983
1,16,0.01,0.6056679140001506,0.1395540999997138,174.39046807700015,0.30012202499983687,227.30033516100002,402.7361472769999
1,16,0.01,0.5890126520002923,0.1405942999999752,164.12270316299964,0.28216402299995025,195.27939286300034,360.4138670010002
1,16,0.01,0.6099196069999948,0.14101193199996942,165.82813862600005,0.28566702199998417,195.904724267,362.769461454
1,16,0.01,0.8797527729999501,0.1419661239999641,168.59832891300005,0.28451031299994156,198.11531781700012,368.01987594
1,32,0.01,0.6007785350000177,0.14411160700001346,173.49213859600013,0.2994837619999089,198.39040694699997,372.92691944700005
1,32,0.01,0.6110894299999927,0.14111514700016414,170.36608831199987,0.29629731099998935,198.099267586,369.513857786
1,32,0.01,0.599115367000195,0.1392872469998565,170.4671962960001,0.299923680999882,195.3160362839999,366.82155887499994
1,32,0.01,0.5671334160001607,0.1392452330001106,174.34854394800004,0.29551690599964786,195.83819828700007,371.18863779000003
1,32,0.01,0.9268464340002538,0.1386180759996023,177.7244452560003,0.2967112649998853,196.468874358,375.55549538900004
2,1,0.001,0.60465641699966,0.1376640540001972,31.293320705000042,0.2508523920000698,0.5269824769998195,32.81347604499979
2,1,0.001,0.5165339909999602,0.1375509009999405,30.611752269000135,0.9236613120001493,0.24912425000002258,32.43862272300021
2,1,0.001,0.5216350750001766,0.1372564869998314,31.158775955000237,0.27577773699977115,0.2458828380003979,32.339328092000414
2,1,0.001,0.5294583429999875,0.1381419829999686,30.824315426999874,0.25569533699990643,0.20181412400006593,31.949425213999803
2,1,0.001,0.5206050010001491,0.13792752800009112,31.172416978,0.32299107600010757,0.2405389959999411,32.39447957900029
2,2,0.001,0.5202455990001909,0.13800868299995273,31.300532052000108,1.7295918119998532,0.1998830249999628,33.88826117100007
2,2,0.001,0.5235029539999232,0.1374756520003757,32.22672201499972,0.0006382480000866053,0.2204331220000313,33.10877199100014
2,2,0.001,0.5191092289996959,0.1367693980000695,31.97147562600003,0.40905595000003814,0.25045175900004324,33.286861961999875
2,2,0.001,0.522279540999989,0.13703695599997445,30.991210651000074,0.25922930299975633,0.2419568530003744,32.15171330400017
2,2,0.001,0.5149579630001426,0.1372481200000948,31.24330249200011,1.3104970259996662,0.20995798000012655,33.41596358100014
2,4,0.001,0.5255618339997454,0.1359875840003042,33.80477719400005,0.0004296019997127587,0.20208943099987664,34.66884564499969
2,4,0.001,0.5327711850000014,0.13890589599986924,33.36829153200006,0.00041937300011340994,0.21440194800015888,34.2547899340002
2,4,0.001,0.5233451840003909,0.13688294699977632,32.22893035600009,0.01928539099981208,0.196842695000214,33.105286573000285
2,4,0.001,0.5241344470000513,0.14009211700022206,33.070172460999856,0.00042924599983962253,0.18641440400006104,33.92124267500003
2,4,0.001,0.5249954369996885,0.138001381000322,32.06598247800002,1.4799418429997786,0.20228306599983625,34.41120420499965
2,8,0.001,0.5228397319997384,0.13694050100002642,32.527039031000186,0.0004111769999326498,0.2268194590001258,33.41404990000001
2,8,0.001,0.5156228810001267,0.13827332399978332,33.33396110600006,1.523659195000164,0.21873659399989265,35.73025310000003
2,8,0.001,0.5249529660000007,0.13739458999998533,32.72600930700037,0.0004104089998691052,0.22604726999998093,33.614814542000204
2,8,0.001,0.5226165710000714,0.13648677199989834,33.65713366199998,0.0004390959998090693,0.31249565999996776,34.629171760999725
2,8,0.001,0.5167916039999909,0.13639951300001485,33.29517740700021,1.17297852899992,0.2193993250002677,35.340746378000404
2,16,0.001,0.5157782569999991,0.13947315100000068,35.512503935,0.6591645960000037,0.22420641699999777,37.051126356
2,16,0.001,0.5244641580000007,0.13728208899999572,34.66012307,0.8314521990000117,0.2011552859999881,36.35447680199999
2,16,0.001,0.5187280530000038,0.13793875700000058,35.475716882,0.0008224099999978307,0.20676863699999615,36.339974739
2,16,0.001,0.5208879699999898,0.1381268550000101,35.006424795,0.6106897070000059,0.20419666799998026,36.48032599499999
2,16,0.001,0.5217404949999889,0.13714109200000735,34.61951052499998,0.1694477210000116,0.20287638700000343,35.65071621999999
2,32,0.001,0.5211340539999867,0.13679077200001188,39.082368935000005,0.000431250999980648,0.23570403600001555,39.976429048
2,32,0.001,0.5182297669999798,0.1362388790000182,40.026228898,0.0004359409999779018,0.20725565000003598,40.88838913500001
2,32,0.001,0.5203543050000121,0.13702427000004036,37.80011742199997,0.3703533970000308,0.2119982589999836,39.03984765300004
2,32,0.001,0.5225214220000112,0.13792800800001714,38.738399646000005,0.7654293869999833,0.20440651100000196,40.36868497400002
2,32,0.001,0.5171356099999684,0.1384850169999936,38.351910976000056,0.18875901899997416,0.2313501329999781,39.42764075499997
2,1,0.05,0.5177174920000311,0.1383015469999691,36.760134967,0.013179405000016686,9.116653169000017,46.54598658000003
2,1,0.05,0.5271225299999855,0.13710485600000766,35.06856021799996,0.28940628300000526,9.338626241000043,45.360820128
2,1,0.05,0.5270043159999886,0.1376381530000117,34.31768846399996,2.4670844430000898,9.919583016999923,47.36899839299997
2,1,0.05,0.5277573619999885,0.13795371499998055,35.33277441100006,0.012438172999964081,8.912128432000031,44.923052093000024
2,1,0.05,0.5244784420000315,0.13872170299998743,34.725322530000085,0.013359034999893993,10.244708450000076,45.64659016000007
2,2,0.05,0.527925368999945,0.13863332200003242,87.590437426,0.2486560790000567,198.186987563,286.69263975900003
2,2,0.05,0.5499949310000147,0.13733647799995197,84.46664539400001,11.619993809999983,192.7813480200001,289.55531863300007
2,2,0.05,0.5239754819999689,0.1376050710000527,86.88502058500012,1.5404309299999568,195.995460116,285.0824921840001
2,2,0.05,0.5368192230000659,0.13746407600001476,87.77497293300007,0.24094336600001043,194.97615059299983,283.666350191
2,2,0.05,0.5265690639998866,0.13696562100017218,87.52453106999997,2.3615962459998627,193.068982473,283.6186444739999
2,4,0.05,0.5242707869997503,0.13766135600008056,88.97729323099975,0.2480630850000125,197.0069737130002,286.8942621719998
2,4,0.05,0.5250530039998011,0.13770482900008574,89.77101968699981,0.24717860300006578,192.78903312300008,283.46998924599984
2,4,0.05,0.5222531690001233,0.13703904800013333,85.37573232299974,1.9742111010000372,196.6661364219999,284.67537206299994
2,4,0.05,0.5236079460000838,0.13736126499998136,96.29216773200005,0.2453079329998218,205.78525293500024,302.9836978110002
2,4,0.05,0.5279202780002379,0.13811021199990137,83.97835548800003,5.895626599000025,194.650554372,285.1905669490002
2,8,0.05,0.5222149739997803,0.13847214099996563,85.96111842100026,0.2444543229998999,206.51983769200024,293.38609755100015
2,8,0.05,0.5220468910000022,0.13581434399998216,88.56933804500002,0.23887071100000412,205.97655821499995,295.442628206
2,8,0.05,0.5205911539999875,0.1379328730000111,85.39405603400002,0.24383953899996413,203.74083902899997,290.03725862899995
2,8,0.05,0.5247611590000361,0.13730604199997742,83.86611018400004,0.2426742349999813,194.78523033499994,279.55608195499997
2,8,0.05,0.5217326060001142,0.1373152209998807,87.82780361200003,0.24776657400002478,211.8162952360001,300.55091324900013
2,16,0.05,0.5274184329998661,0.13749432200006595,91.88278376599987,0.23868250999998963,198.48713867000015,291.27351770099995
2,16,0.05,0.527602153000089,0.13705752600003507,94.11428804599996,0.24344862799989642,191.88054721499998,286.90294356799996
2,16,0.05,0.525069406999819,0.13642181000000164,87.079774369,1.4410172390000753,190.365455828,279.5477386529999
2,16,0.05,0.5336499820000427,0.13850880399968446,90.89839876900032,0.24896283999987645,192.5890001769999,284.4085205719998
2,16,0.05,0.5275260640000852,0.1371119870000257,89.66072605999989,0.2512481610001487,190.774952879,281.35156515100016
2,32,0.05,0.5180631530001847,0.13624706100017647,94.37442230899978,5.203587153000171,197.19415056399976,297.42647024000007
2,32,0.05,0.5248340380003356,0.1374652959998457,93.37572906800006,4.052442230999986,193.2480400290001,291.3385106620003
2,32,0.05,0.5461353159998907,0.1372350430001461,92.03440643299973,5.22825580000017,196.02513207399988,293.9711646659998
2,32,0.05,0.521306641999999,0.13765611899999897,90.72991221400001,6.249749365999975,198.14413797000003,295.782762311
2,32,0.05,0.5235164000000054,0.13730104699999401,93.881516884,0.2472555660000353,202.85430066999993,297.64389056699997
2,1,0.01,0.5384524950000014,0.1380998309999768,31.790782916000012,0.003902360999973098,2.254406149000033,34.725643751999996
2,1,0.01,0.5158955470000137,0.13573656500000197,31.708766126,0.7137324410000474,1.8870078090000106,34.961138488000074
2,1,0.01,0.5170974630000273,0.13656278500002372,31.583267692999925,0.07109949100004087,2.0510021259999576,34.359029557999975
2,1,0.01,0.5156099850000828,0.13601312799994503,31.29901304300006,1.9318745629999512,2.186869555000044,36.06938027400008
2,1,0.01,0.5159782959999575,0.1367907159999504,32.66487862600002,0.0038466980000748663,2.0880071609999504,35.40950149699995
2,2,0.01,0.5240785859999733,0.14145865000000413,31.718450460999975,0.6402224979999573,1.9767740600000252,35.000984254999935
2,2,0.01,0.52657365999994,0.1365692830000853,32.266632233999985,0.5737517229999867,2.111960286999988,35.615487186999985
2,2,0.01,0.5158995470000036,0.13696806300004027,31.64414663499997,0.3942925630000218,1.9698394089999738,34.66114621700001
2,2,0.01,0.518199224,0.13790758100003586,32.257193013999995,0.9935402060000342,2.123781153999971,36.030621179000036
2,2,0.01,0.5111127040000838,0.13674726499993994,31.89089191300002,2.741311979000102,2.0246205819998977,37.30468444300004
2,4,0.01,0.5153362169999127,0.13749347600014517,81.87591756300003,6.443246698999928,197.86029112899996,286.832285084
2,4,0.01,0.5291675399998894,0.13593254600004911,88.61782872899994,0.23873497199997473,191.35949331100005,280.8811570979999
2,4,0.01,0.540578147000133,0.1352275419999387,91.61046590499996,2.6688646860000063,190.15440430600006,285.1095405860001
2,4,0.01,0.518568969999933,0.13793259799990665,86.2339391500002,1.501095193999845,197.98673956000016,286.37827547200004
2,4,0.01,0.5257688849997066,0.13741910600037954,86.01771987699976,0.23555885799987664,193.95272283800023,280.86918956399995
2,8,0.01,0.5574688149999929,0.1371293649999643,85.83326459499995,6.011520146999828,194.62336940100022,287.16275232299995
2,8,0.01,0.5462363120000191,0.13692084600006638,88.7182397319998,2.5774823080000715,192.0198336430003,283.99871284100027
2,8,0.01,0.524845384999935,0.13625225300029342,86.36041257099987,3.088617892000002,198.21499680099987,288.32512490199997
2,8,0.01,0.5254921770001602,0.1374627209997925,89.24441077599977,0.24781538600018393,199.3722437030001,289.527424763
2,8,0.01,0.5260429379999998,0.1372687259999985,87.587743459,6.171172380000002,194.62174111200002,289.04396861500004
2,16,0.01,0.5270672030000014,0.13656480899999224,88.17112532199997,0.7625839240000118,192.90633924300005,282.503680501
2,16,0.01,0.5254288440000892,0.13543424799991044,88.98599483100008,0.25909892699996817,196.793881619,286.69983846900004
2,16,0.01,0.5253591700000015,0.13825115400004506,93.18587435799998,0.2389819320000015,201.94206721499995,296.030533829
2,16,0.01,0.5271128599999884,0.13747531400008484,92.77108522799995,0.24455554499991194,195.54020476000005,289.220433707
2,16,0.01,0.5235814579998532,0.13683496199996625,86.64832899000021,12.589455635999911,194.118504391,294.0167054369999
2,32,0.01,0.5412372250000317,0.13679042199987634,92.521253076,0.9554671949999829,193.8636194300002,288.0183673480001
2,32,0.01,0.582870574000026,0.13690174400016986,97.93145064199962,0.24484835900011603,192.85506228099985,291.7511335999998
2,32,0.01,0.5226725960001204,0.1368900549996397,103.24394933800022,0.2388883519997762,194.14893854900038,298.29133889000013
2,32,0.01,0.5617521150002176,0.13645457099983105,94.68320544400012,0.24726281499988545,194.39743725900007,290.0261122040001
2,32,0.01,0.5224870359998022,0.13659781300020768,98.074852104,0.2477011279997896,188.6441960420002,287.625834123
4,1,0.001,0.5286018950000653,0.13784621099966898,17.878034198000023,0.39260384699991846,0.5764530880001075,19.513539238999783
4,1,0.001,0.5224304250000387,0.13795140599995648,18.34332114100016,0.45377024799972787,0.2563621750000493,19.713835394999933
4,1,0.001,0.5221241429999282,0.13784090299986929,19.478484089000176,0.23051377399997364,0.27849082300008376,20.64745373200003
4,1,0.001,0.5225003450000258,0.1382433469998432,18.276981675000116,0.7901375960000223,0.2658484349999526,19.99371139799996
4,1,0.001,0.5740697530000034,0.13803553600018859,19.177099537999766,0.0011667829999169044,0.23705297200012865,20.127424582000003
4,2,0.001,0.5256400889998076,0.1376781009998922,18.57888602600042,0.6038670059997457,0.2974687430000813,20.143539964999945
4,2,0.001,0.5211816429996361,0.13765213400029097,19.16547327299986,0.0009662789998401422,0.19803889600007096,20.0233122249997
4,2,0.001,0.5264170639998156,0.1388436649999676,19.40973453200013,0.15095809000013105,0.19863285899964467,20.42458620999969
4,2,0.001,0.5276354319998973,0.1384235330001502,18.693922347999887,0.9473106219998044,0.2823797390001346,20.589671673999874
4,2,0.001,0.5237758819998817,0.13740380099989125,19.482507956000063,0.15030781199993726,0.2235873869999523,20.517582837999726
4,4,0.001,0.524739843000134,0.13794451800004026,19.05048980299989,0.08398323499977778,0.2019655890003378,19.99912298800018
4,4,0.001,0.5267200080002112,0.1373837729997831,18.915419377000035,0.6160325109999576,0.2200775370001793,20.415633206000166
4,4,0.001,0.528772630000276,0.1379417379998813,19.204016645000138,0.7197431939998751,0.22753406599986192,20.818008273000032
4,4,0.001,0.5300972099998944,0.13753196400011802,19.151446010999734,0.0005001300000913034,0.24757564099991214,20.06715095599975
4,4,0.001,0.558666981999977,0.1451144640000166,19.89142694500015,0.0004930059999423975,0.19994892099975914,20.795650317999844
4,8,0.001,0.5348428950001107,0.13752079400001094,19.713310000000092,0.8755371909996938,0.21120894200021212,21.47241982200012
4,8,0.001,0.5234596320001401,0.1374825980001333,19.863864955999816,0.5709065800001554,0.2575223459998597,21.353236112000104
4,8,0.001,0.5244439739999507,0.13762809599984394,20.590694486000302,0.0006851969997114793,0.20251103800001147,21.45596279099982
4,8,0.001,0.5267722139999993,0.1378068999999993,19.694589731,0.691316435000001,0.21892161699999946,21.269406897
4,8,0.001,0.5392470679999981,0.1453128079999999,20.168419628000002,0.6179658309999994,0.2442162250000024,21.715161560000002
4,16,0.001,0.5254838930000005,0.13781965999999812,22.070601736999997,0.0011492689999954564,0.22863106500000185,22.963685623999993
4,16,0.001,0.5259777170000035,0.13778173100000402,21.214305667000005,0.543975343999989,0.21002346500000613,22.632063924000008
4,16,0.001,0.5255144059999992,0.13778493500001332,20.993203160999997,0.5768436819999891,0.1921229740000001,22.425469158
4,16,0.001,0.5233171859999999,0.1384695809999954,20.956626322000005,0.23888655999999742,0.2012071560000095,22.058506805000007
4,16,0.001,0.5327583959999913,0.13778537300001403,21.72343908899998,0.05258280600000376,0.2666781970000045,22.713243860999995
4,32,0.001,0.5273209650000013,0.13804732799999897,24.12556499600001,0.0008038269999985914,0.2696157190000008,25.061352835000008
4,32,0.001,0.5222344710000186,0.13821124399999007,23.963324949999986,0.5306888090000257,0.26667835499998205,25.421137829000003
4,32,0.001,0.5844388029999834,0.13778831700000183,24.148368264999988,0.19979144500001667,0.19386817200000905,25.264255002
4,32,0.001,0.5313166079999974,0.14549133899998878,23.957684589999985,0.0007756830000289483,0.22909137300001703,24.864359593000017
4,32,0.001,0.5239465850000329,0.13786761199997954,24.255663520999974,0.030690511000045717,0.23931309699997882,25.18748132600001
4,1,0.05,0.5324220339999783,0.13769137200000614,20.181280294000032,0.24222480999998197,9.711294641999984,30.804913151999983
4,1,0.05,0.5303460800000153,0.1378212549999489,19.629205371000012,0.7309018779999974,9.889627252000025,30.917901836
4,1,0.05,0.5304012639999769,0.13752273799997283,20.67976031300003,0.015374575999999252,9.958741896999982,31.321800787999962
4,1,0.05,0.5270061899999519,0.1379290160000437,20.06762095299996,1.1391965180000057,9.847778070000004,31.719530746999965
4,1,0.05,0.5278399300000274,0.13765656299995044,20.744302010000013,0.015447682999990775,9.922404371000027,31.34765055700001
4,2,0.05,0.5282376279999994,0.1375541680000083,50.97891014200002,0.26958588999997346,193.07555263700004,244.98984046500004
4,2,0.05,0.5319703480000726,0.13753170199993292,47.96162809400005,2.3168233999999757,196.53193941300003,247.47989295700006
4,2,0.05,0.5305702209999481,0.13808904699999403,49.36020969399999,0.27278637400002026,194.49346921000006,244.795124546
4,2,0.05,0.5216254540000591,0.13735193899992737,49.48926768799993,0.4237505930000225,200.29528571700007,250.867281391
4,2,0.05,0.5289279220000935,0.13730801399992743,46.69558010399987,2.3633319250000113,194.83218508100003,244.55733304599994
4,4,0.05,0.5487011330001224,0.13776195299988103,50.22242107500006,0.5158807509999406,199.663093872,251.087858784
4,4,0.05,0.5276778649999869,0.1382909629999176,51.09925965799994,0.2744753430001765,191.95318522099979,243.9928890499998
4,4,0.05,0.5272374159999345,0.13804864299982,50.42751532400007,0.27111683900011485,195.34074756300015,246.7046657850001
4,4,0.05,0.528716219999751,0.13833232100023451,49.700702596000156,2.719071034999615,190.47803708500032,243.56485925700008
4,4,0.05,0.5288260870001977,0.13890324800013332,49.11063330599973,2.7698883809998733,190.64288296600034,243.19113398800027
4,8,0.05,0.5328191999997216,0.13781047700013005,50.89339961399992,0.27162575900001684,200.05935585499992,251.8950109049997
4,8,0.05,0.5288529199997356,0.13817578299995148,50.174610680000114,0.6945228710001174,191.9503258939999,243.4864881479998
4,8,0.05,0.532242985999801,0.13798225399978037,50.10670007100043,1.377820614999564,193.92340825500014,246.07815418099972
4,8,0.05,0.5279218710000038,0.13825987699999587,51.263920025000004,0.2728340780000025,192.05923207999996,244.26216793099996
4,8,0.05,0.5273095130000343,0.13813406999997824,50.60194594699999,3.025431888000014,189.59462973400002,243.88745115200004
4,16,0.05,0.5289959680000038,0.13813290300004155,54.25995059699994,0.27155795199996646,195.6206446430001,250.81928206300006
4,16,0.05,0.5283115979999593,0.13827806799997688,50.248315994999984,2.0406732120000015,189.56285815799993,242.51843703099985
4,16,0.05,0.5300052469999628,0.13809891300002164,51.32201476,2.761544017999995,192.535560518,247.287223456
4,16,0.05,0.528126734999887,0.13806194700009655,49.99720647000004,5.766121934000012,198.58303708699987,255.0125541729999
4,16,0.05,0.5299769660000493,0.13818455499995252,50.51889323099999,2.300033520999932,194.73548536800013,248.22257364100005
4,32,0.05,0.5291989669999566,0.13841285199987396,53.00227123900004,4.265739335000035,196.50123782699984,254.43686021999974
4,32,0.05,0.5339743839999755,0.1379804950001926,55.13864511699967,1.2635400880003544,192.69513531699977,249.76927540099996
4,32,0.05,0.5293658820000928,0.13803128900008232,55.55313437799987,0.27152811599989946,191.9079876560004,248.40004732100033
4,32,0.05,0.5265359159998297,0.13754491000008784,55.992787443,0.27733624399979817,195.63428784100006,252.56849235399977
4,32,0.05,0.5327615309997782,0.1383439620003628,52.542012070000055,3.309620437999911,197.43226583399974,253.95500383499984
4,1,0.01,0.5309263479998663,0.13800875600009022,18.599186024999653,0.5931786820001435,2.280460171999948,22.1417599829997
4,1,0.01,0.5481107589998828,0.13853777800022726,18.49515157199994,0.3187615930000902,1.9690907579997656,21.469652459999907
4,1,0.01,0.5265426760001901,0.13868630099977963,18.990901035000206,0.004760128999805602,2.0238328690002163,21.684723010000198
4,1,0.01,0.5279882090003412,0.13862299399988842,19.550917092999953,0.004096269999990909,2.1405137659999127,22.362138332000086
4,1,0.01,0.5303211230002489,0.13875434700003098,18.666168103000018,0.8778761599996869,2.0437657880002007,22.256885521000186
4,2,0.01,0.5247064539998973,0.13844978699989952,18.984188180000274,0.29512267199970665,1.9706791450003038,21.91314623800008
4,2,0.01,0.5239840519998324,0.13797128499982136,18.643105259000095,0.5895027999999911,2.0356832890001897,21.93024668499993
4,2,0.01,0.5272089649997724,0.13878903200020432,18.613486422999813,1.0545680569998694,1.8529013330003181,22.186953809999977
4,2,0.01,0.5254979779997484,0.13799596899980315,18.628425833000165,1.329992078000032,2.045816109000043,22.66772796699979
4,2,0.01,0.5370116909998615,0.13855574500030343,19.224072559999968,0.004503102999933617,2.1641843930001414,22.068327492000208
4,4,0.01,0.5823880629995983,0.1385320839999622,51.91125110300027,0.27632017299993095,194.05815515099994,246.9666465739997
4,4,0.01,0.5340958009996939,0.13820390199998656,53.26040842300017,0.27704398700007005,197.79699525600017,252.0067473690001
4,4,0.01,0.5318843180000101,0.13843778599999723,50.406678226999986,2.085477580999992,194.12317660900004,247.28565452100003
4,4,0.01,0.5294494569999983,0.1379705690000037,50.68847130200004,1.7274663489999966,194.22073268399998,247.30409036100002
4,4,0.01,0.5423875410000392,0.1387608029999683,48.81837679399996,4.079725625000037,197.89153862500007,251.47078938800007
4,8,0.01,0.5286951250000129,0.13786034600002495,51.76943805399992,0.27072838500009766,191.2837728149999,243.99049472499996
4,8,0.01,0.5446741709999969,0.13791568700003154,52.77337534200001,0.26910474900000736,195.0260101890001,248.75108013800013
4,8,0.01,0.5292852039999616,0.13774029299997892,50.94547671500004,2.1335040429999026,192.36698004000004,246.11298629499993
4,8,0.01,0.5325941460000649,0.13766178900004888,50.728373851000015,0.27137735699989207,195.76057954599992,247.43058668899994
4,8,0.01,0.52616037100006,0.13818553700002667,49.93031903899987,1.6702272940001421,194.6344721170001,246.89936435800018
4,16,0.01,0.5261156730002767,0.13838253999983863,54.483976874999826,0.272857101000227,192.83931771100015,248.26064990000032
4,16,0.01,0.5277738539998609,0.13822679299983065,50.768180808000125,1.8718990600000325,199.3891834189999,252.69526393399974
4,16,0.01,0.5678474370001823,0.13831931899994743,52.10931661699988,1.4996455320001587,192.91953261599974,247.2346615209999
4,16,0.01,0.5610928259998218,0.13795118999996703,51.56226037000033,1.8260477989997526,191.39055448599993,245.4779066709998
4,16,0.01,0.5257411079996928,0.13782449900008942,51.15606833999982,0.27356314600001497,199.58627916700016,251.67947625999977
4,32,0.01,0.5492858229999911,0.13813403199992536,55.087711263000074,0.7566468700001678,194.30955367399974,250.8413316619999
4,32,0.01,0.5681301689999998,0.13849886999999228,57.81839612900001,0.26963179000000537,191.71926176600002,250.513918724
4,32,0.01,0.5330030069999907,0.13806398999997782,54.919492071000036,0.5908431619999988,192.23170394599998,248.41310617599999
4,32,0.01,0.5302509940000846,0.13795105799999874,54.402698001999966,0.3423807039999929,197.67236775000003,253.08564850800008
4,32,0.01,0.5291564519999383,0.13801410400003533,53.58160074900002,3.418893529999991,192.11751621399992,249.7851810489999
8,1,0.001,0.5735368059999928,0.1533934029998818,11.493290773000126,9.446827400000075,0.5777504999998655,22.24479888199994
8,1,0.001,0.6491162349998376,0.178813067999954,21.072941320000155,0.577287836999858,0.30779769100013255,22.785956150999937
8,1,0.001,0.5835118600000442,0.17485854899996411,11.914463641000111,9.21579500599978,0.27407943800017165,22.16270849400007
8,1,0.001,0.5716756799999985,0.17507555899987892,11.604580059,9.562560087000065,0.3027767280000262,22.21666811299997
8,1,0.001,0.6583508619999066,0.1758455970000341,21.18788240899994,0.07225578700013102,0.3137639520000448,22.408098607000056
8,2,0.001,0.652770683999961,0.1754106270000193,21.34699991499997,0.4194871660001809,0.26017497099996945,22.8548433630001
8,2,0.001,0.6628791360001287,0.1769247259999247,21.30013603800012,0.04945636899992678,0.3125920210000004,22.5019882900001
8,2,0.001,0.6761338140001953,0.180979822999916,21.96525227699999,0.004028328999993391,0.2696486709999135,23.09604291400001
8,2,0.001,0.6627227599999514,0.1765942200001973,21.298555033999946,0.23815861899993251,0.2981508610000674,22.674181494000095
8,2,0.001,0.6688733389999015,0.17603172899998754,21.774862966,0.001571956999896429,0.29744148500003575,22.918781475999822
8,4,0.001,0.6420573679999961,0.17713844000013523,11.97006978699983,9.931070533000138,0.24474736899992422,22.965083497000023
8,4,0.001,0.6773970480001026,0.17856242999982896,21.726635534000025,0.053579506000005495,0.3304984610001611,22.966672979000123
8,4,0.001,0.6639647389999936,0.19892188000017086,12.409581274999937,9.66300130500008,0.27647832899992864,23.21194752800011
8,4,0.001,0.6745418420000533,0.18122280699981275,21.320644120999987,1.2520658120001826,0.29878510200001074,23.727259684000046
8,4,0.001,0.6901998249998087,0.18314037699997243,21.84775882000008,0.4200774549999551,0.2912019800000962,23.432378456999913
8,8,0.001,0.5969872759999362,0.17677790499988077,12.814755320000131,10.86348666899994,0.25386679200005347,24.70587396199994
8,8,0.001,0.5882166769999913,0.17583775000002788,13.260833132000016,9.503184506000025,0.24449151999988317,23.772563584999943
8,8,0.001,0.6686266430001524,0.17618626599983145,22.387885502000017,0.1503000840000368,0.3144363430001249,23.697434838000163
8,8,0.001,0.6727492479999455,0.18248981800002184,22.357819296999878,0.47931535100019573,0.29948838899986185,23.991862102999903
8,8,0.001,0.6758075830000507,0.18050722999987556,22.56356451800002,0.06054720300016925,0.2959345949998351,23.77636112899995
8,16,0.001,0.6640407499999128,0.17597385199997007,24.31239031700011,0.0010357429998748557,0.3010695680000026,25.45451022999987
8,16,0.001,0.6586243780000132,0.18060495400004584,23.974303383000006,0.4389513039998292,0.31215715999996974,25.564641178999864
8,16,0.001,0.6814204620000055,0.17907450400002745,24.115636921000032,0.03988654799991309,0.3460020130000885,25.362020448000067
8,16,0.001,0.6648612949998096,0.17804297700013194,24.063496888999907,0.001190309000094203,0.24949321999997665,25.15708468999992
8,16,0.001,0.6508496019998802,0.17633751400012443,24.34081703799984,0.0010506920000352693,0.2960748330001479,25.46512967900003
8,32,0.001,0.671456858000056,0.1816760389999672,26.749939710000035,0.026797643000008975,0.2992119630000616,27.92908221300013
8,32,0.001,0.5782377720001932,0.17584529999999177,16.74787372999981,10.19926035200001,0.29331891300012103,27.994536067000126
8,32,0.001,0.6121098339999662,0.17570122500001162,16.990748920999977,10.312400070999956,0.23735374600005343,28.328313796999964
8,32,0.001,0.605296970000154,0.17535879899992324,16.858335159000035,10.333313362999888,0.2519207780001125,28.224225069000113
8,32,0.001,0.6683753780000643,0.18202767299999323,27.01092969499996,0.00082255699999223,0.29850670199994056,28.16066200499995
8,1,0.05,0.6665038219998678,0.18081374300004427,23.54276374699998,0.18421505900005286,10.112195524000072,34.68649189500002
8,1,0.05,0.5485973739998826,0.15810669799998323,12.329881131000093,10.498641383999939,9.859753677000072,33.39498026399997
8,1,0.05,0.5692757249998976,0.15643958700002258,12.342815631000121,11.077578775999882,9.412583126000072,33.558692844999996
8,1,0.05,0.5373673689998668,0.16731803100014986,12.173264908999954,10.655296417000045,10.063358436999806,33.59660516299982
8,1,0.05,0.5628545099998519,0.2308083320001515,12.925202890999799,10.60599141800003,9.464909757999976,33.78976690899981
8,2,0.05,0.5417487330000768,0.15669036799999958,30.919810283999823,25.795338433000325,194.16036259799967,251.5739504159999
8,2,0.05,0.529951944000004,0.15410594800005128,27.207174569000017,30.035095348999675,194.54232500800026,252.468652818
8,2,0.05,0.5393127030001779,0.1527280260002044,29.32566804299995,25.363867327999742,188.70248649299992,244.084062593
8,2,0.05,0.6020482320000156,0.1532906429997638,53.584546370000226,3.197832432999803,194.718427497,252.2561451749998
8,2,0.05,0.6038262820002274,0.1532925169999544,53.203299959000105,4.671224476999669,204.03342685899997,262.66507009399993
8,4,0.05,0.6138262320000649,0.1962240570001086,56.040017131999775,0.42737055700035853,197.91393328099957,255.19137125899988
8,4,0.05,0.601938949000214,0.15319456299994272,53.18401886499987,5.523092626000107,196.96699020000005,256.4292352030002
8,4,0.05,0.6370345509999993,0.15514876800000366,54.79840986200003,0.777851658999964,190.306189567,246.67463440699999
8,4,0.05,0.5951301329999978,0.1522605200000271,58.395368098999995,0.4249518699999726,193.26623604500003,252.83394666700002
8,4,0.05,0.5343582470000001,0.15215432299999065,27.749751779000007,27.020063585000003,190.28925518300002,245.74558311700002
8,8,0.05,0.5312191070000836,0.15144494399999076,30.30027221399996,27.885746228000016,195.11190488199998,253.98058737500003
8,8,0.05,0.5965208659999917,0.1517461959999764,30.052666830000135,26.158726086999877,198.43326907699998,255.39292905599996
8,8,0.05,0.5981523219998053,0.15234821800004283,54.697351013000116,0.4232294539999657,193.73710907400005,249.60819008099998
8,8,0.05,0.5974856170000749,0.15225252499999442,55.10058581499993,0.42722073300001284,194.20742545000007,250.4849701400001
8,8,0.05,0.6006403180001598,0.15169024399983755,56.17621120300009,0.5308901840000999,196.194942546,253.65437449500018
8,16,0.05,0.5467990749998535,0.15360987199983356,31.60226780400035,25.30595837699957,194.0041093570003,251.6127444849999
8,16,0.05,0.6020287979999921,0.1538308560002406,57.627020527999775,0.4278060269998605,197.981081594,256.79176780299986
8,16,0.05,0.6738839549998374,0.15330260100017767,60.27008248899983,0.4316514440001811,192.34786665799993,253.87678714699996
8,16,0.05,0.6604706090001855,0.15232766400004039,62.552322676999665,0.4384030530000018,202.46235723200016,266.26588123500005
8,16,0.05,0.5982142059997386,0.15398845100025937,62.51530176599999,0.4265999819999706,194.7069027980001,258.40100720300006
8,32,0.05,0.6191665239998656,0.1543503210000381,58.85549236499992,0.5894704349998392,191.04437461099997,251.26285425599963
8,32,0.05,0.6228768900000148,0.15209457699998552,64.710598979,0.42368230299999254,195.194766162,261.104018911
8,32,0.05,0.6888711779999994,0.1531516190000275,63.24322390200001,1.620270247999997,193.399077085,259.104594032
8,32,0.05,0.6106310119999989,0.15347761900000023,35.00439351199998,25.17941504700002,198.33980926800007,259.28772645800007
8,32,0.05,0.669863902999964,0.1530273920000127,62.09069492699996,2.6511735029999954,195.39715098199997,260.9619107069999
8,1,0.01,0.5863786869999785,0.15322605300002579,11.915366222000102,9.161165928999935,2.5616841759999716,24.377821067000013
8,1,0.01,0.5516240529998413,0.15506827700005488,11.717184696000004,10.194308620000129,2.233870234999813,24.852055880999842
8,1,0.01,0.5299310140001126,0.15549241700000493,11.691663749999861,9.879063664000114,2.2427908209999714,24.498941666000064
8,1,0.01,0.5963722609999422,0.1623929570000655,21.78721696299999,0.008184921000065515,2.1855305889998817,24.739697690999947
8,1,0.01,0.5985682549999183,0.1574170530000174,21.520511864000127,0.007430624999869906,2.2297588640001322,24.513686661000065
8,2,0.01,0.5995988059999036,0.15766865399996277,21.639133397000023,1.096850983999957,1.981230093000022,25.47448193399987
8,2,0.01,0.5995505740002045,0.157198168999912,21.681936620999977,0.3525123070000973,2.1174690829998326,24.908666754000024
8,2,0.01,0.5969060380000428,0.15814454999986083,21.491709964000165,0.21849246599981598,2.2611719290000565,24.72642494699994
8,2,0.01,0.5375600200000008,0.15588370099999338,11.779537259000108,10.219719487999782,2.1866411400001198,24.879341608000004
8,2,0.01,0.5776711089999935,0.1582381399998667,11.758950741000035,10.708666428000015,2.172757029999957,25.376283447999867
8,4,0.01,0.5928268799998477,0.15674163100015903,35.38612491399999,24.76234688699992,198.7324716160001,259.63051192800003
8,4,0.01,0.5319964939999409,0.1542543430000478,28.375186987999996,27.37268010799994,196.77880034600003,253.21291827899995
8,4,0.01,0.6027586109998992,0.15293091000012282,28.164704583999992,27.27022233799994,195.52128223700015,251.7118986800001
8,4,0.01,0.6420678259996748,0.15339942200034784,46.51166739199971,14.469062269999995,193.77874688200018,255.5549437919999
8,4,0.01,0.5374369529999967,0.15322876299978816,30.663172601000042,25.20718743999987,195.1497638750002,251.7107896319999
8,8,0.01,0.5397435279996898,0.15287442699991516,30.125723215000107,26.424664553000184,194.81214838300002,252.05515410599992
8,8,0.01,0.6048824600002263,0.15400596099971153,54.49192128699997,6.77353330599999,194.742971484,256.7673144979999
8,8,0.01,0.5899926100000812,0.15450524499965468,30.20713357600016,31.043153662999885,195.3490849069999,257.3438700009997
8,8,0.01,0.594696808000208,0.15263124000011885,29.790467533999617,24.896007135000218,195.32051598199996,250.75431869900012
8,8,0.01,0.6003990890000068,0.15326033400000938,58.206864026999995,0.44614793899998517,205.40232105400003,264.808992443
8,16,0.01,0.619437602000005,0.15232043899999326,59.808006627,0.4310122869999873,198.79606218499998,259.80683913999997
8,16,0.01,0.6443566670000109,0.1526039469999887,57.99986162699997,4.8654209830000354,197.82714680599997,261.48939003
8,16,0.01,0.6437824180000007,0.1533042400000113,55.108766823999986,3.490071944999954,195.56686182600004,254.962787253
8,16,0.01,0.6411259580002024,0.160636267999962,32.53122971399989,24.91132454500007,197.91320833600003,256.15752482100015
8,16,0.01,0.6605388890000086,0.1530151320000641,57.456542098,0.4387187320000976,196.00710441799993,254.7159192690001
8,32,0.01,0.6383396650001032,0.15224775899991982,34.67286599099998,24.59927128100003,196.65983311600007,256.7225578120001
8,32,0.01,0.6469836999999643,0.15272807900009866,33.36842474399987,29.815969300000006,194.70165660500015,258.6857624280001
8,32,0.01,0.6058029050000187,0.15234584400013773,33.59652200799974,29.356313863000196,196.3730134890002,260.0839981090003
8,32,0.01,0.6492214740001145,0.15342798099982247,59.46429545299998,0.425539838000077,196.33078027600004,257.02326502200003
8,32,0.01,0.6569344989998172,0.15294564900023033,59.282477387999734,6.39605442400034,194.44390521399964,260.93231717399976
16,1,0.001,0.5334935900000346,3.5352184620001026,5.184342324999761,18.308915262000028,0.6141793450001387,28.176148984000065
16,1,0.001,0.896934291999969,1.4588656830001128,10.600330319000022,1.8673103129999618,0.3024357009999221,15.125876307999988
16,1,0.001,0.99391089799974,1.4607983400001103,10.741964152000037,2.276754270999845,0.3049558729999262,15.778383533999659
16,1,0.001,0.7156389340002534,1.4549685520000821,5.982993747999899,5.926681546000054,0.3025653669997155,14.382848147000004
16,1,0.001,0.5325915819998954,1.4537561359998108,5.81519881200029,5.632592296999974,0.2591988819999642,13.693337708999934
16,2,0.001,0.9003695130004417,1.4595344189997377,10.833970545999819,0.577367568000227,0.3095821669999168,14.080824213000142
16,2,0.001,0.5666026479998436,1.5316661940000813,6.030689858999722,5.454718421000052,0.24671240999987276,13.830389531999572
16,2,0.001,0.9057791249997535,1.4619912400003159,10.60175225499961,0.6360139309999795,0.29286203200035743,13.898398583000017
16,2,0.001,0.9334512069999619,1.8678413659999933,11.050940869999977,0.5182741530002204,0.2935500260000481,14.6640576220002
16,2,0.001,0.5395138190001489,1.4585647960002461,6.088305087999743,5.3575441050002155,0.2590346209999552,13.702962429000308
16,4,0.001,0.5373002710002766,1.4546162159999767,6.082267157999922,5.726171825000165,0.25414504499985924,14.0545005150002
16,4,0.001,0.5324601040001653,1.452777975999652,6.265619625999989,5.243574777000049,0.2717751000000135,13.766207582999868
16,4,0.001,0.5354497480002465,1.4532279609998113,6.174783641999966,5.702546494000217,0.3014451389999522,14.167452984000192
16,4,0.001,1.0361797710002065,1.4612220129997695,10.966710596000212,0.604517185000077,0.3097775679998449,14.37840713300011
16,4,0.001,0.9524611410001853,1.4607614019996618,10.935490181000205,1.0275066859999242,0.2885592299999189,14.664778639999895
16,8,0.001,0.9904429599996547,1.4612479610000264,11.455536205000044,0.7632113610002307,0.34676207499978773,15.017200561999744
16,8,0.001,0.5705612080000719,1.454483142999834,6.722556536000411,5.295436857999903,0.25059287899966876,14.293630623999888
16,8,0.001,0.6006377880003129,1.4540240050000648,6.697806703999959,5.482970958999886,0.24785845999986122,14.483297916000083
16,8,0.001,1.061257683000349,1.4612626439998166,11.827940658999978,0.1781001610002022,0.3003240769999138,14.82888522400026
16,8,0.001,0.985971556000095,1.4612312750000456,11.724989197000014,0.5089602859998195,0.2967513790003977,14.977903693000371
16,16,0.001,0.6375929890000407,1.4539628399998037,7.453445775000091,5.615362015999835,0.28887136899993493,15.449234988999706
16,16,0.001,0.6381865009998364,1.4693510940001033,7.534365607999916,5.476839662000202,0.2494862909998119,15.36822915599987
16,16,0.001,1.0002257420001115,1.460682469999938,12.55414330099984,0.7722790780003379,0.3094136649997381,16.096744255999965
16,16,0.001,0.9918479719999596,1.4612109959998634,12.441481448000104,0.4901109969996469,0.2921573190001254,15.6768087319997
16,16,0.001,0.9583264180000697,1.4610392069998852,12.617018852000001,0.3975876929998776,0.3102611069998602,15.744233276999694
16,32,0.001,1.015881733000242,1.4614538559999346,14.680849199000022,0.4228064139997514,0.3014214710001397,17.88241267300009
16,32,0.001,0.6398354600000857,1.4541475270002593,9.820402083999852,5.483771262000118,0.27178540299973974,17.669941736000055
16,32,0.001,0.6158475729998827,1.863134335000268,9.417957966999893,5.330004351999833,0.24522953700034122,17.472173764000217
16,32,0.001,0.5566691049998553,1.4538918329999433,9.234372091000296,5.646273265999753,0.25774240100008683,17.148948695999934
16,32,0.001,0.6790615129998514,1.453818980000051,9.600927814999977,5.444514111999979,0.2428986330000953,17.421221052999954
16,1,0.05,0.5661285700002736,1.45524334799984,6.480410136000046,6.390699251000115,10.589784578000035,25.48226588300031
16,1,0.05,0.9256883309999466,1.458490164000068,11.39145064100012,1.2368820179999602,10.565731904000131,25.578243058000226
16,1,0.05,0.8480475639999998,1.465916859,11.982899403000001,0.4337346139999987,11.438355997000002,26.168954437
16,1,0.05,0.9071016189999987,1.4612342849999962,11.562722311000002,0.7802425269999986,10.665628649000006,25.376929391
16,1,0.05,0.8144679039999971,1.4542652259999969,6.394475528000001,6.111567581000003,9.901448450999993,24.67622468999999
16,2,0.05,0.8544141219999943,1.4614244109999959,27.339560297000006,8.513797488999998,195.37710207700002,233.546298396
16,2,0.05,0.5311646029999793,1.4529261310000265,15.65155768599999,18.990057051999997,195.96435850400002,232.590063976
16,2,0.05,0.5326158599999644,1.4533533100000113,13.907816756999978,22.06237733399996,198.93587830800004,236.89204156899996
16,2,0.05,0.5479221860000507,1.453198938000014,13.72045871399996,23.115584207999973,207.418075853,246.255239899
16,2,0.05,0.536918685000046,1.453410864999796,13.945932897000148,23.116789853,199.13888693800004,238.19193923800003
16,4,0.05,0.6765477369999644,1.8595290329999443,13.87880065000013,22.956398305999983,198.1366461959999,237.50792192199992
16,4,0.05,0.9259285650000493,1.4591003569998975,27.475201934000097,9.15432563200011,194.51153035799985,233.526086846
16,4,0.05,0.8561402970001382,1.4586029370000233,27.509592268000006,9.573185523999882,199.99001902400005,239.3875400500001
16,4,0.05,0.9391383730001053,1.4589724889999616,27.11578495499998,9.884601431999954,200.74167111999986,240.14016836899987
16,4,0.05,0.5551787990002595,1.4540732639998168,13.722876797000026,20.770365172999846,196.5826327120003,233.08512674500025
16,8,0.05,0.6249196909998318,1.4683505379998678,15.09641373400018,19.05050765299984,203.70435208400022,239.94454369999994
16,8,0.05,0.9533573390003767,1.4614753910000218,27.09417805599969,6.121458925000297,195.33463559699976,230.96510530800015
16,8,0.05,0.932316075000017,1.4595036199998503,27.490018899999995,13.324061249999886,199.57238350900025,242.778283354
16,8,0.05,0.6510220400000435,1.4536998949997724,15.407114454000293,19.715819197999735,199.02002545000005,236.2476810369999
16,8,0.05,0.9151234490000206,1.4599947470001098,27.573250242000086,8.466408703999605,199.8352565590003,238.25003370100012
16,16,0.05,0.9006135230000041,1.4597458039999935,28.939100197000002,5.809367000999998,194.23055041499998,231.33937694
16,16,0.05,0.5313130330000035,1.4556835180000007,15.93758118400001,18.390845366999997,197.56598634199997,233.88140944399998
16,16,0.05,0.9386185529999693,1.477959229000021,29.154362171999992,8.057154208000043,194.85339786199995,234.48149202399998
16,16,0.05,0.6822538520000307,1.477086770000028,15.895963620999964,20.43941052499997,195.69871720499998,234.19343197299997
16,16,0.05,0.953949752000085,1.4729999879999696,28.97545470299997,7.848321194999926,199.78699145600012,239.03771709400007
16,32,0.05,0.5287612530000843,1.454467897999848,19.29560271100013,19.206580263999967,200.49820793599997,240.983620062
16,32,0.05,0.9358377900000505,1.4602870910000547,30.95445401500001,5.821837894000055,198.40524269799994,237.5776594880001
16,32,0.05,0.8729203630000484,1.6495253509999657,32.120424517999936,5.793649719000086,195.75470239799984,236.19122234899987
16,32,0.05,0.6189144920001581,1.4533849189999728,18.98405557000001,19.454762142999925,197.2164814690002,237.72759859300027
16,32,0.05,0.5973672699997223,1.454296629000055,17.544298390000222,21.215980848000072,195.1028143919998,235.91475752899987
16,1,0.01,0.9365996700003052,1.4610996819997126,10.565869941000074,0.058918664999964676,2.5431655180000234,15.56565347600008
16,1,0.01,0.9023885080000582,1.4588019420002638,10.655096255999979,0.22581008999986807,2.5091744800001834,15.751271276000352
16,1,0.01,0.8171789119996902,1.4586270409999997,10.703006831000039,0.17831761000024926,2.211685562999719,15.368815956999697
16,1,0.01,0.9267921359996762,1.4614758800003074,10.88431329399964,0.0950608180000927,2.296377730000131,15.664019857999847
16,1,0.01,0.5427879369999573,1.4527351050001016,5.840877548999742,5.036270001000048,2.1801514920002774,15.052822084000127
16,2,0.01,0.5360997259999749,1.4527098759999717,10.695969070000046,0.7351855950000754,2.2686503680001806,15.688614635000249
16,2,0.01,0.9096897010003886,1.4597410029996354,10.760651951,0.5546329050002896,2.082817741999861,15.767533302000174
16,2,0.01,0.8962622909998572,1.458573964000152,10.815334463999989,0.7495727780001289,2.077097806999973,15.9968413040001
16,2,0.01,0.5311818729996958,1.4529960350000692,6.066610734999813,5.346051320000242,2.176679143000001,15.573519105999821
16,2,0.01,0.5349071890000232,1.4524514019999515,5.912473813999895,5.0402628680003545,2.074099713999658,15.014194986999883
16,4,0.01,0.9045710380000855,1.4587694910001119,27.563828611999725,8.143484141000044,216.35132540700033,254.4219786890003
16,4,0.01,0.9473555419999684,1.475262085000395,18.565928788999827,19.155399047000174,197.30648233799957,237.45042780099993
16,4,0.01,0.9344607040002302,1.4593559519998962,27.489174165999884,7.616846397000245,282.07278618600003,319.5726234050003
16,4,0.01,0.8785274020001452,1.4589182529998652,26.538948387000346,6.540690003999771,265.22364128900017,300.6407253350003
16,4,0.01,0.9342732289999987,1.4596862590000086,26.452689052999986,5.846613455000011,203.772668091,238.465930087
16,8,0.01,0.8030143070000122,1.4626686579999841,14.846143231000042,20.399122767999984,203.66631839499996,241.17726735899998
16,8,0.01,0.651870434999978,1.453940479000039,14.748289183999987,21.517403861000048,200.03026232899992,238.40176628799998
16,8,0.01,0.6889725710000221,1.4573764719999645,15.03717394399996,18.25204876600003,197.15748451900004,232.593056272
16,8,0.01,0.6221921090000251,1.455769245999818,16.07729869700006,17.2294063920001,195.212342089,230.597008533
16,8,0.01,0.992329830000017,1.46033067999997,26.949060017999955,7.963410435000014,193.54932375999988,230.91445472299984
16,16,0.01,0.6947294019998935,1.4534963780001817,15.875927667999804,26.892915522000067,196.77936067400015,241.6964296440001
16,16,0.01,0.6786137750000307,1.4547410039999704,16.465193249000095,19.79609582399985,199.70709524200015,238.1017390940001
16,16,0.01,0.9638653810000051,1.470779413999935,28.253416185999868,8.258024196000406,195.52422127699992,234.47030645400014
16,16,0.01,0.9552936189998036,1.4609836100003122,30.437897238999994,5.821368503000031,199.2379137779999,237.91345674900003
16,16,0.01,0.9769722470000488,1.460909996999817,28.44729211599997,8.167093429000033,197.59629365900037,236.64856144800024
16,32,0.01,0.960665360999883,1.4602601730002789,32.53151764799986,6.372011107000162,196.68822411499968,238.01267840399987
16,32,0.01,3.942644262000158,1.4643387959999927,29.19462150599975,5.967099660000258,197.0508118329999,237.61951605700006
16,32,0.01,0.5704456230000687,2.236797859000035,15.9379973719997,24.96595226699992,192.52838220400008,236.2395753249998
16,32,0.01,1.3675303289996918,1.4599395160003041,30.990543581999646,6.326325059000283,196.0583935149998,236.20273200099973
16,32,0.01,0.5693518939997375,2.031758636000177,30.096015793999868,5.7958724619998065,192.5548028860003,231.04780167199988
32,1,0.001,0.6037638849999993,4.487433441,2.6409475669999978,2.2997541299999966,0.619207762000002,10.651106784999996
32,1,0.001,0.902824944999999,2.164542818000001,5.44826306600001,0.3149353609999963,0.3094257779999907,9.139991967999997
32,1,0.001,0.6266148059999921,2.161484686999998,3.038817965000007,2.6183276750000033,0.2881062229999998,8.733351356
32,2,0.001,0.939536750000002,2.1660724930000015,5.532853560999996,0.2929697999999945,0.4678339420000128,9.399266546000007
32,2,0.001,0.553477841000003,2.1613552940000034,3.0145148860000006,2.7720282279999964,0.29153302499999256,8.792909273999996
32,2,0.001,0.9985886759999971,2.1666009340000016,5.492742855000003,0.2546967689999917,0.30813212099999987,9.220761354999993
32,4,0.001,0.531952810000007,2.161975776999995,3.312154499000002,2.6194792529999944,0.2704349140000062,8.895997253000004
32,4,0.001,1.028938034999996,2.1706810990000065,3.247797119999987,2.6630054640000083,0.28010898200000156,9.3905307
32,4,0.001,0.6625334539999983,2.163880875000018,3.2253855399999907,2.7244196620000025,0.2652667039999983,9.041486235000008
32,8,0.001,0.549111135000004,2.161586194999984,3.714774169000009,2.6572835519999956,0.2654420060000007,9.348197056999993
32,8,0.001,1.1236934829999825,2.1658447830000114,5.944442482999989,0.27563315099999386,0.33103745000002505,9.840651350000002
32,8,0.001,0.9591689150000207,2.166004744999981,6.05473767700002,0.21912466499998118,0.2250064870000017,9.624042489000004
32,16,0.001,0.9839871109999763,2.5475853599999994,6.6350138560000005,0.2524116960000242,0.2943484230000024,10.713346446000003
32,16,0.001,0.6703969140000083,2.162073831000015,4.065733753999979,2.8712687200000175,0.24665606700000353,10.016129286000023
32,16,0.001,0.9715146900000207,2.1775264669999785,6.599952078000001,0.2780114450000042,0.2935127750000106,10.320517455000015
32,1,0.01,0.9402239839999993,2.165920127999982,5.551827005000007,0.24904836700000033,2.052477068999991,10.95949655299998
32,1,0.01,0.921863247999994,2.164361130000003,5.657836975999999,0.2410288310000226,2.509531212999974,11.494621397999992
32,1,0.01,0.528324237000021,2.16120239899999,3.2421665139999902,2.6527114369999936,2.195201630000014,10.779606217000008
32,2,0.01,0.9048504090000051,2.164866318999998,3.977620997999992,2.520544997999991,2.0511527470000033,11.61903547099999
32,2,0.01,1.124658576999991,2.5134765679999873,5.653397552999991,0.3199982250000062,2.064788550000003,11.676319472999978
32,2,0.01,0.8909624449999569,2.164401450000014,5.527964111000017,0.24528242299999192,2.0187863400000197,10.847396769
32,4,0.01,0.5351679370000397,2.1605483390000018,8.366084571999977,15.026622300999975,194.05461492100005,220.14303807000005
32,4,0.01,0.5567738329999656,3.7916552280000246,13.356434632000003,10.070245579000016,196.11244370999998,223.887552982
32,4,0.01,0.893026285000019,3.738843468999903,15.401138793000086,8.666223400999911,197.86209751800004,226.56132946599996
32,8,0.01,0.9515438149999227,2.5744624730000396,14.580689265000046,8.644722011999988,193.46067894199996,220.21209650699996
32,8,0.01,0.9174175129999185,3.0022260149999056,13.294102248000172,8.935467932999927,193.96013102899997,220.1093447379999
32,8,0.01,0.6316024650000145,3.588399546999881,8.089867999000035,15.251568451999901,191.49257281500013,219.05401127799996
32,16,0.01,0.7141420850000486,2.8371629729999768,7.529478713999879,15.686105106000014,194.48477002900017,221.2516589070001
32,16,0.01,0.9050474420000683,2.882227864000015,14.847978695999927,8.984357046000014,197.82676869700003,225.44637974500006
32,16,0.01,0.7611286870001095,5.12873840400016,8.055152200000066,16.17278252599999,194.57719329599968,224.694995113
64,1,0.001,0.9219175000002906,6.826853677999679,2.737496912000097,0.23007895799992184,0.6704208830001335,11.386767931000122
64,1,0.001,0.9488997520002158,2.590714253999977,2.7762720519999675,0.2775427890001083,0.35176659499984453,6.945195442000113
64,1,0.001,0.9493725729998914,2.6142495859999144,2.8885007680000854,0.2806093550002515,0.27250874699984706,7.00524102899999
64,2,0.001,0.9506291820002843,2.6108989509998537,2.8529534280000917,0.23313620199996876,0.28798264799979734,6.935600410999996
64,2,0.001,0.5439587710002343,2.5855131759999495,1.7645432760000404,1.8229274149998673,0.2426908209999965,6.959633459000088
64,2,0.001,0.953534062000017,2.564878504999797,2.85873744599985,0.21787825800038263,0.24468537599977935,6.839713646999826
64,4,0.001,0.7253541650002262,2.5801826179999807,1.669188913999733,1.4106211980001717,0.28425546400012536,6.669602359000237
64,4,0.001,0.5298419410000861,2.5610506019997956,1.6510571180001534,1.4331773139997495,0.2581949909999821,6.433321965999767
64,4,0.001,0.9819358120003017,2.587921212999845,2.9099148629998126,0.2282385940002314,0.31206774500014944,7.02007822700034
64,8,0.001,0.5446324639997329,2.5607897620002404,1.8433628309999222,1.409713765000106,0.28042470799982766,6.638923529999829
64,8,0.001,1.0622306400000525,2.807817521999823,3.061156375000337,0.25281332399981693,0.29365659799987043,7.4776744589999
64,8,0.001,0.9610804700000699,2.586045780999939,3.0667656619998525,0.2304438520000076,0.26866203500003394,7.112997799999903
64,16,0.001,0.6494835439998496,2.934982993000176,3.456895748000079,0.2170846219996747,0.21783549700012372,7.476282403999903
64,16,0.001,0.8535959370001365,2.5847426380000798,3.7535026679997827,0.6122519420000572,0.29009322800038717,8.094186413000443
64,16,0.001,1.0036104130003878,2.5694221219996507,3.4316730890000144,0.22814443400011442,0.3001370609999867,7.532987119000154
64,1,0.01,0.9380226319999565,2.5955579060000673,2.8015169099999184,0.2760670399998162,2.0281777499999407,8.6393422379997
64,1,0.01,0.9181452090001585,2.5700192600002083,2.952855363999788,0.26392176699982883,2.033754892000161,8.738696492000145
64,1,0.01,1.04669153299983,2.580887847000213,2.8731529179999598,0.39753491999999824,2.2475536110000576,9.145820829000058
64,2,0.01,0.5364795499999673,2.5817071700003,2.815589028999966,0.3676701649997085,2.1261102850003226,8.427556199000264
64,2,0.01,0.5500889840000127,2.5638324520000424,1.6387047120001625,1.4817325499998333,2.005211605000113,8.239570303000164
64,2,0.01,1.0046860209999977,2.5624594040000375,2.9119031609998274,0.36402455600000394,2.2532658569998603,9.096338998999727
64,4,0.01,0.9023563939999804,2.6083181640001385,7.090080833000229,10.332253927999773,194.67749868200008,215.6105080010002
64,4,0.01,0.9491024229996583,5.3123161000003165,6.967348741000023,11.153640644999996,193.3527537949999,217.7351617039999
64,4,0.01,0.9290107239999088,6.961593114000152,7.716519680000147,13.695939152999927,193.84152683999991,223.14458951100005
64,8,0.01,0.5732908370000587,6.767394731999957,4.104709361000005,15.323464294000132,197.30037503099993,224.06923425500008
64,8,0.01,0.6391279960002976,5.963539479999781,4.558838399999786,16.747406871000294,193.05767299399986,220.96658574100002
64,8,0.01,0.7054012509999996,5.735427143,4.269467798000001,13.729259268,192.757726703,217.19728216299998
64,16,0.01,1.0067480479999915,6.6431189270000175,7.860383177999978,10.151758711000014,191.03976337900002,216.70177224300002
64,16,0.01,0.5728601639999624,6.219330408000019,3.8653009660000066,14.822722155000008,191.87862708399996,217.35884077699995
64,16,0.01,0.9455279710000468,6.988960080999959,4.314720382000019,16.62650045199996,195.98513988700006,224.86084877300004
